tpep_pickup_datetime,tpep_dropoff_datetime,passenger_count,trip_distance,store_and_fwd_flag,PULocationID,DOLocationID,fare_amount,tip_amount
01/01/2020 00:01:58,01/01/2020 00:04:16,1,0,No,193,193,3.5,0
01/01/2020 00:39:25,01/01/2020 00:39:29,1,0,No,193,193,2.5,0.01
12/18/2019 15:27:49,12/18/2019 15:28:59,1,0,No,193,193,0.01,0
12/18/2019 15:30:35,12/18/2019 15:31:35,4,0,No,193,193,2.5,0
01/01/2020 00:25:39,01/01/2020 00:27:05,1,0,No,170,162,3,0
01/01/2020 00:54:28,01/01/2020 00:58:41,1,0.6,No,170,137,-4.5,0
01/01/2020 00:30:01,01/01/2020 00:39:06,0,1.4,No,234,114,7.5,2.25
01/01/2020 00:40:50,01/01/2020 00:50:05,0,1.5,No,114,137,8,2.35
01/01/2020 00:54:17,01/01/2020 01:08:08,0,2.5,Yes,137,144,11.5,0
01/01/2020 00:34:58,01/01/2020 00:45:28,0,2.8,No,145,224,11,0
01/01/2020 00:55:25,01/01/2020 01:10:34,0,2.6,No,137,140,11.5,3.05
01/01/2020 02:12:22,01/01/2020 02:12:27,1,0,No,265,265,65,0
01/01/2020 00:57:13,01/01/2020 00:58:05,1,0.11,No,260,260,-2.5,0
01/01/2020 00:12:24,01/01/2020 00:17:10,0,1.4,No,236,237,6,2.05
01/01/2020 00:20:50,01/01/2020 00:36:29,0,1.1,No,141,161,10.5,0.2
01/01/2020 00:39:00,01/01/2020 00:46:47,0,0.8,No,161,233,6.5,0.5
01/01/2020 02:55:43,01/01/2020 02:55:43,1,0,No,181,264,28.5,0
01/01/2020 00:48:50,01/01/2020 01:01:32,0,2.3,No,233,90,10,2.85
01/01/2020 00:37:09,01/01/2020 00:40:31,0,0.2,No,48,50,4,0
01/01/2020 00:31:06,01/01/2020 01:04:57,1,0,No,166,211,26.2,0
01/01/2020 00:22:14,01/01/2020 00:34:53,0,0.9,No,43,161,9,2.55
01/01/2020 00:17:05,01/01/2020 00:26:06,0,1.8,No,236,239,8.5,0
01/01/2020 00:31:24,01/01/2020 00:38:10,0,1.2,No,239,236,7,2.15
01/01/2020 00:42:21,01/01/2020 00:47:25,0,1.3,No,237,236,6,1.5
01/01/2020 00:50:58,01/01/2020 00:52:11,0,0.3,No,236,236,3,1.02
01/01/2020 00:44:35,01/01/2020 01:16:02,1,0,No,17,108,39.2,0
01/01/2020 00:53:01,01/01/2020 00:58:47,0,1,No,142,142,6,0
01/01/2020 00:36:31,01/01/2020 00:37:23,3,0.18,No,141,141,-3,0
01/01/2020 00:23:15,01/01/2020 00:23:54,2,0.09,No,114,114,-2.5,0
01/01/2020 00:31:32,01/01/2020 00:31:45,1,0,No,236,43,52,0
01/01/2020 00:44:13,01/01/2020 00:47:29,0,1,No,239,238,5,0.88
01/01/2020 00:24:12,01/01/2020 00:32:24,0,1.9,No,229,107,8,2.35
01/01/2020 00:35:22,01/01/2020 00:50:02,0,3.9,No,137,263,14,3
01/01/2020 04:37:37,01/01/2020 04:37:43,4,0,No,265,265,70,0
01/01/2020 00:13:08,01/01/2020 00:22:30,0,0.9,No,114,211,6.5,0
01/01/2020 00:34:11,01/01/2020 01:00:30,0,3.2,No,114,229,17.5,0
01/01/2020 00:15:51,01/01/2020 00:53:20,1,0,No,12,48,2.5,0
01/01/2020 00:13:39,01/01/2020 00:24:26,2,1.26,No,249,68,-8.5,0
01/01/2020 00:21:04,01/01/2020 00:32:59,0,1.2,No,144,107,8.5,2.45
01/01/2020 04:44:29,01/01/2020 04:44:36,4,0,No,265,265,-70,0
01/01/2020 00:49:43,01/01/2020 00:50:46,1,0,No,265,265,45,0
01/01/2020 00:42:47,01/01/2020 01:13:09,0,1.6,No,161,234,17.5,1
01/01/2020 00:18:16,01/01/2020 00:18:42,1,0.03,No,164,164,-2.5,0
01/01/2020 00:01:40,01/01/2020 00:01:52,1,0,No,79,79,52,12.25
01/01/2020 00:04:12,01/01/2020 00:20:36,0,6.1,No,231,141,20.5,4.85
01/01/2020 00:27:07,01/01/2020 00:36:14,0,2,No,229,79,9,2.55
01/01/2020 00:38:31,01/01/2020 00:46:57,0,0.9,No,113,224,7,2.7
01/01/2020 00:59:07,01/01/2020 00:59:22,1,0,No,179,179,8.7,1.8
01/01/2020 00:22:49,01/01/2020 00:23:11,4,0,No,13,13,52,0
01/01/2020 00:10:17,01/01/2020 00:21:14,0,2.4,No,143,246,10,1.38
01/01/2020 00:41:09,01/01/2020 01:07:28,0,4.4,No,48,13,19.5,4.65
01/01/2020 00:29:02,01/01/2020 00:57:03,0,2.8,No,234,142,17,0
01/01/2020 00:44:29,01/01/2020 00:47:34,2,0.39,No,79,79,-4,0
01/01/2020 04:07:21,01/01/2020 04:07:21,1,0,Yes,132,264,52,0
01/01/2020 00:18:15,01/01/2020 00:52:11,0,18,No,132,49,49.5,10.15
01/01/2020 00:46:44,01/01/2020 00:46:44,4,0,No,113,264,0,0
01/01/2020 00:58:18,01/01/2020 00:58:25,1,0,No,137,137,2.5,1.26
01/01/2020 00:52:30,01/01/2020 01:29:14,0,3.7,No,229,50,23,5.35
01/01/2020 00:38:02,01/01/2020 00:38:02,1,0,No,234,264,7,0
01/01/2020 00:46:40,01/01/2020 00:46:40,1,0,No,233,264,7,0
01/01/2020 00:25:25,01/01/2020 00:32:10,0,1.4,No,244,152,7.5,0
01/01/2020 00:38:18,01/01/2020 00:51:53,0,2.6,No,24,42,11.5,1.2
01/01/2020 00:55:27,01/01/2020 01:04:15,0,1.2,No,42,41,8,0
01/01/2020 04:40:53,01/01/2020 04:40:59,1,0,No,265,265,45,5
01/01/2020 00:33:31,01/01/2020 00:33:35,1,0,No,264,264,2.5,0
01/01/2020 00:42:44,01/01/2020 00:44:24,1,0.04,No,48,48,-3,0
01/01/2020 00:17:22,01/01/2020 00:20:16,0,0.8,No,237,236,4.5,1.5
01/01/2020 00:50:06,01/01/2020 01:14:23,0,5.2,No,107,74,19,0
01/01/2020 00:21:30,01/01/2020 00:29:12,2,0.78,No,114,113,-6.5,0
01/01/2020 00:48:36,01/01/2020 00:48:39,1,0,Yes,263,263,2.5,0
01/01/2020 00:38:13,01/01/2020 00:38:18,2,0,No,114,114,2.5,0
01/01/2020 00:28:00,01/01/2020 00:28:35,1,0,No,166,166,0,0
01/01/2020 00:32:30,01/01/2020 00:32:48,2,0,No,79,79,2.5,0
01/01/2020 00:30:14,01/01/2020 01:10:44,1,0,No,209,205,42.2,0
01/01/2020 00:38:42,01/01/2020 00:38:54,1,0,No,265,265,52,15.8
01/01/2020 06:53:09,01/01/2020 06:53:16,1,0,No,244,244,62,0
01/01/2020 00:21:10,01/01/2020 00:22:39,1,0.33,No,146,146,-3.5,0
01/01/2020 00:08:37,01/01/2020 00:08:42,1,0,No,7,7,2.5,0
01/01/2020 00:30:16,01/01/2020 00:42:54,0,8.1,No,132,95,23.5,0
01/01/2020 00:34:42,01/01/2020 00:47:33,1,0,No,265,248,22.2,0
01/01/2020 00:34:11,01/01/2020 00:34:11,1,0,No,41,264,31,0
01/01/2020 00:59:30,01/01/2020 01:00:02,1,0,No,51,51,30.2,0
01/01/2020 08:29:59,01/01/2020 08:30:02,0,0,No,132,132,2.5,0
01/01/2020 00:27:26,01/01/2020 01:07:45,0,14,No,138,72,43.5,0
01/01/2020 00:17:43,01/01/2020 00:17:51,4,0,No,92,92,75,0
01/01/2020 00:38:04,01/01/2020 00:51:46,0,3.9,No,237,42,13.5,3.45
01/01/2020 00:52:53,01/01/2020 01:01:05,0,1.4,No,42,116,7.5,1.75
01/01/2020 00:04:42,01/01/2020 00:09:20,0,1,No,239,238,5.5,0
01/01/2020 00:45:00,01/01/2020 00:45:10,2,0,No,137,264,7.8,0
01/01/2020 00:13:40,01/01/2020 00:31:14,2,2.41,No,246,249,-13,0
01/01/2020 00:21:37,01/01/2020 00:27:07,3,0.72,No,68,113,-5.5,0
01/01/2020 00:38:43,01/01/2020 00:38:48,5,0,No,75,75,2.5,0
01/01/2020 00:33:34,01/01/2020 00:33:55,3,0,No,239,142,52,0
01/01/2020 00:34:49,01/01/2020 00:57:39,2,2.93,No,142,164,-16.5,0
01/01/2020 00:46:19,01/01/2020 00:46:23,1,0,No,265,265,65,13.06
01/01/2020 00:43:42,01/01/2020 00:45:23,2,0,No,161,161,3,0
01/01/2020 00:56:44,01/01/2020 01:25:46,0,4.2,No,231,48,20.5,2
01/01/2020 09:54:58,01/01/2020 09:55:49,1,0,No,193,193,2.5,0
01/01/2020 00:16:40,01/01/2020 00:34:11,0,2,No,107,161,12,0
01/01/2020 00:36:22,01/01/2020 00:47:01,0,1,No,161,229,8,0
01/01/2020 00:49:24,01/01/2020 01:03:56,0,2,No,229,107,11,1
01/01/2020 00:55:04,01/01/2020 00:56:18,3,0,No,4,4,0,0
01/01/2020 00:28:36,01/01/2020 00:52:08,0,7,No,249,181,23.5,5.46
01/01/2020 00:48:57,01/01/2020 00:52:37,1,0.2,No,141,141,-4,0
01/01/2020 10:59:03,01/01/2020 11:03:37,0,0,No,145,145,4.5,0
01/01/2020 00:38:08,01/01/2020 00:39:21,1,0.09,No,237,237,-3,0
01/01/2020 10:45:27,01/01/2020 10:45:31,1,0,No,193,193,2.5,0
01/01/2020 10:23:17,01/01/2020 10:23:21,1,0,No,132,132,2.5,0
01/01/2020 00:44:30,01/01/2020 00:44:30,1,0,Yes,42,264,24.5,0
01/01/2020 12:09:44,01/01/2020 12:22:52,1,0,No,75,213,22.2,0
01/01/2020 00:13:00,01/01/2020 00:25:29,0,2.4,No,170,211,10.5,2.85
01/01/2020 00:57:33,01/01/2020 01:03:31,0,1.1,No,107,170,6.5,1
01/01/2020 00:12:39,01/01/2020 00:20:25,0,1.4,No,158,79,7,1.08
01/01/2020 00:22:10,01/01/2020 00:34:49,0,1.5,No,79,164,9.5,2.65
01/01/2020 00:36:39,01/01/2020 00:46:01,0,1.5,No,234,158,8,1.77
01/01/2020 00:48:38,01/01/2020 01:22:53,0,6.5,No,249,41,27.5,0
01/01/2020 00:26:07,01/01/2020 00:31:29,1,0.91,No,234,114,-5.5,0
01/01/2020 00:17:57,01/01/2020 00:25:46,0,1.5,No,163,142,7.5,0
01/01/2020 00:27:51,01/01/2020 00:34:29,0,1.7,No,142,151,7.5,2.26
01/01/2020 00:49:08,01/01/2020 00:52:54,1,0.02,No,164,164,-4,0
01/01/2020 00:44:31,01/01/2020 00:45:05,1,0.06,No,68,90,-2.5,0
01/01/2020 00:14:45,01/01/2020 00:33:42,0,3.2,No,161,231,14,0
01/01/2020 00:39:12,01/01/2020 01:10:37,0,6.1,No,249,74,24,0
01/01/2020 00:56:43,01/01/2020 01:31:07,1,0,No,76,49,22.2,0
01/01/2020 00:46:56,01/01/2020 00:59:16,1,2.33,No,87,249,-10.5,0
01/01/2020 14:36:08,01/01/2020 14:36:21,1,0,No,145,145,2.5,0
01/01/2020 14:32:27,01/01/2020 14:35:49,1,0,Yes,145,145,4,0
01/01/2020 00:28:42,01/01/2020 00:44:16,0,6.2,No,152,68,20,0
01/01/2020 00:50:14,01/01/2020 01:10:27,0,1.6,No,68,164,13.5,0
01/01/2020 00:44:20,01/01/2020 00:44:22,1,0,No,239,264,65,13.16
01/01/2020 00:50:54,01/01/2020 01:02:48,0,2.6,Yes,4,229,10.5,1.55
01/01/2020 00:42:43,01/01/2020 00:42:46,1,0,No,68,68,100,25.2
01/01/2020 00:31:54,01/01/2020 00:38:01,0,1.4,No,151,41,6.5,0
01/01/2020 14:43:47,01/01/2020 14:44:04,1,0,No,145,145,2.5,0
01/01/2020 00:18:30,01/01/2020 00:21:27,1,0.25,No,107,164,-4,0
01/01/2020 00:09:31,01/01/2020 00:11:16,0,0.7,No,263,75,4,1.95
01/01/2020 00:18:48,01/01/2020 00:24:49,0,1,No,43,262,6,1.95
01/01/2020 14:20:30,01/01/2020 14:20:42,1,0,No,193,193,2.5,0
01/01/2020 00:51:16,01/01/2020 00:59:31,0,1,No,236,262,7,2
01/01/2020 14:22:09,01/01/2020 14:22:22,1,0,No,193,193,2.5,0
01/01/2020 00:05:15,01/01/2020 00:15:39,0,0.9,No,246,68,8,0
01/01/2020 00:25:42,01/01/2020 00:46:00,0,5,No,246,87,18,0
01/01/2020 00:47:55,01/01/2020 01:26:58,0,7,No,87,239,29.5,0
01/01/2020 00:16:37,01/01/2020 00:19:26,0,0.5,No,234,107,4,0
01/01/2020 00:36:15,01/01/2020 00:36:27,4,0,No,161,161,20,4.66
01/01/2020 14:23:47,01/01/2020 14:23:58,1,0,No,193,193,2.5,0
01/01/2020 00:49:03,01/01/2020 00:49:07,1,0,No,264,264,20,0
01/01/2020 00:11:29,01/01/2020 00:29:29,0,2.2,No,148,170,12.5,0
01/01/2020 00:42:36,01/01/2020 00:51:45,0,1.3,No,161,137,8,2.35
01/01/2020 00:28:39,01/01/2020 00:33:13,0,0.7,No,231,87,5,1.75
01/01/2020 00:35:11,01/01/2020 00:57:36,0,5.8,No,87,161,21.5,5.05
01/01/2020 00:53:43,01/01/2020 01:03:36,0,1,No,148,79,8,0
01/01/2020 00:30:32,01/01/2020 00:48:59,0,2.4,No,164,211,13,4.2
01/01/2020 00:30:06,01/01/2020 00:30:06,1,0,No,264,264,72,10
01/01/2020 00:27:06,01/01/2020 00:49:40,1,0,No,216,107,36.2,0
01/01/2020 00:23:13,01/01/2020 01:02:13,1,0,No,77,47,42.2,0
01/01/2020 00:23:21,01/01/2020 00:36:18,0,1.2,No,246,186,9.5,2.65
01/01/2020 00:56:40,01/01/2020 01:11:39,0,2.9,No,90,141,12,2.37
01/01/2020 00:24:39,01/01/2020 00:42:38,0,2,No,141,143,13,0
01/01/2020 14:25:28,01/01/2020 14:27:28,0,0.4,No,132,132,52,0
01/01/2020 16:33:47,01/01/2020 17:38:21,1,0,No,42,76,46.2,0
01/01/2020 00:48:55,01/01/2020 01:01:23,0,2.1,No,239,140,10,2.76
01/01/2020 00:56:11,01/01/2020 00:56:40,1,0,No,265,265,50,0
01/01/2020 00:10:34,01/01/2020 00:21:01,0,2.6,No,148,33,11,2.95
01/01/2020 00:25:51,01/01/2020 00:41:43,0,6.3,No,65,162,20.5,0
12/31/2019 23:26:25,12/31/2019 23:27:57,2,0.17,No,162,163,-3,0
01/01/2020 00:41:21,01/01/2020 00:43:48,1,0,No,224,224,52,0
01/01/2020 00:00:05,01/01/2020 00:26:30,0,3.4,No,264,68,18,4.35
01/01/2020 00:46:33,01/01/2020 00:54:25,0,1,No,234,114,7,2.7
01/01/2020 00:22:04,01/01/2020 00:57:16,1,0,No,119,255,30.2,0
01/01/2020 00:25:55,01/01/2020 00:25:59,0,0,No,68,68,2.5,0
01/01/2020 00:37:01,01/01/2020 00:45:16,0,2.4,No,237,75,9.5,0
01/01/2020 00:28:08,01/01/2020 01:12:15,1,0,No,41,35,40.2,0
01/01/2020 00:57:27,01/01/2020 00:57:43,2,0,No,238,238,40,2
01/01/2020 00:12:10,01/01/2020 00:16:43,0,1,No,166,116,5.5,0
01/01/2020 00:19:48,01/01/2020 00:27:03,0,1.4,No,116,41,7,1.65
01/01/2020 00:32:41,01/01/2020 00:36:07,0,0.2,No,41,41,4,0
01/01/2020 00:53:16,01/01/2020 01:18:42,1,0,No,232,243,30.2,0
01/01/2020 00:14:19,01/01/2020 00:35:48,0,4.2,No,43,107,17,5.2
01/01/2020 00:40:02,01/01/2020 00:59:25,0,1.9,Yes,107,161,13,5
01/01/2020 00:47:42,01/01/2020 00:50:18,3,0,Yes,48,48,3.5,1.45
01/01/2020 00:30:31,01/01/2020 00:30:46,1,0.01,No,239,239,-2.5,0
01/01/2020 00:18:58,01/01/2020 00:30:53,2,0.81,No,107,234,-8.5,0
01/01/2020 00:36:16,01/01/2020 00:36:35,2,0,No,234,234,11,0
01/01/2020 00:11:02,01/01/2020 00:13:14,0,0.4,No,143,142,3.5,1.45
01/01/2020 00:17:30,01/01/2020 00:22:47,0,0.6,No,142,48,5,0
01/01/2020 00:33:21,01/01/2020 00:37:47,0,0.8,No,142,239,5,1.75
01/01/2020 00:40:03,01/01/2020 00:48:39,0,1.6,No,239,236,8,2
01/01/2020 00:55:23,01/01/2020 00:59:14,0,1,No,237,229,5,2.2
01/01/2020 00:42:49,01/01/2020 00:47:12,0,1.3,No,263,229,6,1.96
01/01/2020 00:41:49,01/01/2020 00:59:15,0,2.4,No,68,211,12.5,3.25
01/01/2020 00:15:51,01/01/2020 00:40:29,0,3.5,No,161,211,18,0
01/01/2020 00:30:48,01/01/2020 00:59:44,0,2.7,No,90,142,18,6.5
01/01/2020 00:14:29,01/01/2020 00:18:29,0,0.5,No,234,234,4.5,1.65
01/01/2020 00:36:18,01/01/2020 00:40:10,0,0.8,No,236,263,5,0
01/01/2020 00:50:55,01/01/2020 00:53:24,0,0.4,No,263,263,4,2.3
01/01/2020 00:58:01,01/01/2020 01:02:39,1,0.64,No,170,233,-5,0
01/01/2020 00:01:02,01/01/2020 00:01:17,1,0,No,249,90,10,2.56
01/01/2020 00:51:10,01/01/2020 00:55:27,1,0,No,265,265,0.01,0
01/01/2020 00:10:44,01/01/2020 00:18:38,1,2.32,No,140,74,-9,0
01/01/2020 00:26:04,01/01/2020 00:26:34,2,0,No,265,265,65,5
01/01/2020 18:06:30,01/01/2020 18:07:31,1,0,No,48,163,20,0
01/01/2020 00:55:03,01/01/2020 01:03:20,0,1.2,No,79,170,7.5,2
01/01/2020 00:29:48,01/01/2020 00:29:55,1,0,No,79,264,10.8,2.32
01/01/2020 00:46:53,01/01/2020 00:58:30,0,1.3,No,164,68,9,2
01/01/2020 00:55:55,01/01/2020 00:57:44,1,0,No,265,265,250,25
01/01/2020 00:26:48,01/01/2020 01:27:51,0,12,No,162,48,0.01,0
01/01/2020 00:41:05,01/01/2020 01:11:03,0,4.3,No,261,50,21.5,5.05
01/01/2020 00:18:52,01/01/2020 00:18:56,0,0,No,68,68,8.5,1.86
01/01/2020 18:07:09,01/01/2020 18:07:12,2,0,No,193,193,0,0
01/01/2020 00:11:03,01/01/2020 00:17:46,0,2.2,No,237,238,8.5,3.5
01/01/2020 00:23:15,01/01/2020 00:29:03,0,1.3,No,236,237,6.5,2.05
01/01/2020 00:36:25,01/01/2020 01:03:54,0,3.4,No,237,90,18,5.45
01/01/2020 18:54:35,01/01/2020 18:55:36,1,0,No,193,193,0,0
01/01/2020 19:17:07,01/01/2020 19:17:22,1,0,No,145,145,2.5,0
01/01/2020 00:31:22,01/01/2020 01:04:13,1,0,No,237,200,32.2,0
01/01/2020 00:44:00,01/01/2020 01:14:16,1,0,No,77,262,42.2,0
01/01/2020 19:28:10,01/01/2020 19:28:46,5,0,No,145,145,2.5,0
01/01/2020 00:11:42,01/01/2020 00:27:14,0,2,No,114,137,11.5,0
01/01/2020 00:34:12,01/01/2020 00:54:10,0,4.5,No,79,181,17.5,4.25
01/01/2020 00:57:40,01/01/2020 01:01:33,0,0.8,No,181,106,5,0
01/01/2020 00:10:30,01/01/2020 00:24:14,1,6.96,No,229,196,-20,0
01/01/2020 00:22:10,01/01/2020 00:48:23,1,0,No,41,248,26.2,0
01/01/2020 20:43:24,01/01/2020 20:44:00,1,0,No,107,107,73,0
01/01/2020 21:52:53,01/01/2020 22:27:55,1,0,No,97,244,36.2,0
01/01/2020 00:25:44,01/01/2020 00:32:37,0,2.7,No,132,219,10,0
01/01/2020 00:06:18,01/01/2020 00:06:19,3,0,No,264,264,62,15.58
01/01/2020 00:43:19,01/01/2020 00:50:58,0,1.3,No,249,107,7,2.15
01/01/2020 00:21:37,01/01/2020 00:41:17,0,4,No,246,148,16,3.95
01/01/2020 00:43:19,01/01/2020 00:54:54,0,1.9,No,148,137,9.5,1
01/01/2020 00:59:51,01/01/2020 01:08:06,0,1.7,No,137,141,8,2
01/01/2020 23:48:26,01/01/2020 23:48:44,1,0,No,265,265,300,60.06
01/01/2020 00:31:23,01/01/2020 00:40:48,0,2.2,No,236,162,9,1.92
01/01/2020 00:41:42,01/01/2020 00:53:41,0,3,No,162,146,12,2.37
01/02/2020 07:58:59,01/02/2020 08:36:52,1,0,No,21,140,36.2,0
01/02/2020 07:18:00,01/02/2020 07:55:39,1,0,No,39,97,24.2,0
01/01/2020 00:36:55,01/01/2020 00:44:47,0,2.2,No,142,24,8.5,1.85
01/01/2020 00:28:04,01/01/2020 00:34:33,1,0.81,No,79,114,-6,0
01/02/2020 08:20:37,01/02/2020 08:45:32,0,11.2,No,132,138,32,0
01/01/2020 00:15:45,01/01/2020 00:19:37,0,0.6,No,162,229,4.5,0
01/01/2020 00:30:19,01/01/2020 00:36:37,0,0.9,No,170,233,6,1.8
01/01/2020 00:48:03,01/01/2020 01:03:10,0,2.5,No,107,141,11.5,3.05
01/01/2020 00:14:46,01/01/2020 00:27:45,1,0,No,169,184,24.2,0
01/01/2020 00:39:42,01/01/2020 00:53:05,1,0,No,3,147,24.2,0
01/02/2020 08:27:54,01/02/2020 08:56:17,1,0,No,101,83,38.2,0
07/01/2020 13:21:33,07/01/2020 13:38:59,1,0,No,7,170,24.2,0
01/01/2020 00:44:44,01/01/2020 00:45:21,2,0,No,234,234,15,3.05
01/01/2020 00:40:30,01/01/2020 00:45:02,2,0.8,No,42,41,-5.5,0
07/01/2020 13:54:42,07/01/2020 14:37:46,1,0,No,161,247,28.2,0
01/01/2020 00:23:26,01/01/2020 00:26:46,0,0.5,No,229,237,4.5,0
01/01/2020 00:31:23,01/01/2020 00:57:10,0,2.5,No,43,234,16.5,0
01/01/2020 00:59:19,01/01/2020 01:31:17,0,5.2,No,234,151,23,5.35
01/01/2020 00:16:55,01/01/2020 00:35:49,1,0,No,116,107,26.2,0
01/01/2020 00:02:07,01/01/2020 00:10:15,0,1.8,No,170,224,8.5,1
01/01/2020 00:14:49,01/01/2020 00:26:12,0,0.9,Yes,79,234,8,2.35
01/01/2020 00:37:57,01/01/2020 00:42:56,0,0.5,Yes,170,164,5,1.75
01/01/2020 00:07:37,01/01/2020 00:36:10,1,0,No,42,76,42.2,0
01/01/2020 00:36:56,01/01/2020 01:24:46,1,0,No,17,42,34.2,0
01/01/2020 00:08:09,01/01/2020 00:25:07,0,3.2,No,142,262,14,0
01/01/2020 00:44:35,01/01/2020 01:14:16,0,4.4,No,90,238,21.5,0
01/01/2020 00:03:18,01/01/2020 00:26:13,1,0,No,228,210,30.2,0
01/01/2020 00:08:13,01/01/2020 00:08:27,5,0,No,48,48,-2.5,0
01/01/2020 00:10:08,01/01/2020 00:14:00,0,1.1,No,43,236,5,0
01/01/2020 00:26:19,01/01/2020 00:36:10,0,2.3,Yes,236,162,9.5,1.6
01/01/2020 00:51:54,01/01/2020 01:04:43,0,3.6,No,229,202,12.5,3.25
07/01/2020 14:07:01,07/01/2020 14:07:10,2,0,No,145,145,2.5,0
01/01/2020 00:26:04,01/01/2020 00:27:18,1,0,No,234,234,-2.5,0
01/01/2020 00:54:51,01/01/2020 00:56:04,1,0,No,75,75,2.5,1.14
01/01/2020 00:16:51,01/01/2020 00:19:34,2,0,No,188,188,2.5,0
01/01/2020 00:21:11,01/01/2020 00:22:03,1,0,No,188,188,2.5,30
07/01/2020 14:08:22,07/01/2020 14:08:29,2,0,No,145,145,2.5,0
01/01/2020 00:36:07,01/01/2020 00:58:35,1,0,No,238,32,30.2,0
01/01/2020 00:15:16,01/01/2020 00:29:33,0,1.6,No,113,170,10.5,2.85
01/01/2020 00:36:57,01/01/2020 00:46:53,0,3.3,No,229,74,11,0
01/01/2020 00:22:38,01/01/2020 00:34:27,0,1.1,No,237,237,8.5,3.65
01/01/2020 00:36:44,01/01/2020 00:43:44,0,0.4,No,237,141,6,2.9
01/01/2020 00:49:44,01/01/2020 01:08:42,0,2.7,No,141,238,13.5,2.6
01/01/2020 00:37:57,01/01/2020 00:59:01,0,3.1,Yes,114,261,15.5,0
01/01/2020 00:01:22,01/01/2020 00:16:01,0,3.7,No,125,25,14,3.55
01/01/2020 00:23:39,01/01/2020 00:23:50,1,0,No,186,186,110,0
01/01/2020 00:49:25,01/01/2020 00:49:30,1,0,No,265,265,15,0
01/01/2020 00:13:27,01/01/2020 00:36:57,0,1.7,No,246,161,15,0
01/01/2020 00:38:13,01/01/2020 00:48:32,0,1.5,No,162,224,8.5,2.45
01/01/2020 00:52:50,01/01/2020 01:17:54,0,4.7,No,224,239,19,0
01/01/2020 00:43:51,01/01/2020 01:29:27,1,0,No,69,39,52.2,0
01/01/2020 00:41:07,01/01/2020 01:05:55,0,2.6,Yes,239,229,16,5
01/01/2020 00:16:57,01/01/2020 00:37:32,0,1.1,No,164,161,13,3.35
01/01/2020 00:39:07,01/01/2020 00:57:46,0,0.8,No,161,164,12,0
01/01/2020 00:37:23,01/01/2020 01:17:43,1,0,No,24,160,30.2,0
01/01/2020 00:43:22,01/01/2020 00:43:24,2,0,No,264,264,40,0
01/01/2020 00:07:22,01/01/2020 00:35:36,0,6.1,No,48,226,23,0
01/01/2020 00:01:42,01/01/2020 00:05:13,1,0.66,No,236,140,-4.5,0
01/01/2020 00:10:46,01/01/2020 00:10:48,1,0,No,264,264,7,1.56
01/01/2020 00:14:40,01/01/2020 00:15:28,2,0,No,161,161,52,0
01/01/2020 00:41:08,01/01/2020 00:42:07,1,0,No,265,265,48,8
01/01/2020 00:09:47,01/01/2020 00:23:42,0,1.2,No,48,50,10,4.1
01/01/2020 00:59:50,01/01/2020 01:31:21,1,0,No,60,68,34.2,0
07/01/2020 14:24:09,07/01/2020 14:24:24,1,0,No,145,145,2.5,0
01/01/2020 00:23:48,01/01/2020 00:30:42,0,1.1,No,186,234,6.5,1
01/01/2020 00:50:28,01/01/2020 00:50:34,2,0,No,79,79,-52,0
07/01/2020 14:28:58,07/01/2020 14:30:14,2,0,No,193,193,3,0.08
01/01/2020 00:40:32,01/01/2020 00:45:01,0,0.8,No,229,161,5.5,0
01/01/2020 00:32:58,01/01/2020 00:41:58,0,1.2,No,249,234,7.5,2.25
01/01/2020 00:48:06,01/01/2020 00:53:41,0,0.9,No,107,79,5.5,2.75
01/01/2020 00:55:46,01/01/2020 01:19:02,0,6.3,No,79,263,22,2.5
01/01/2020 00:00:41,01/01/2020 00:16:23,0,2.2,No,90,4,11.5,3.8
01/01/2020 00:36:19,01/01/2020 01:06:03,0,4.8,No,161,166,22,5.15
01/01/2020 00:46:18,01/01/2020 00:47:05,3,0,No,162,162,62,12.45
01/01/2020 00:17:45,01/01/2020 00:20:55,1,0.03,No,186,186,-4,0
01/01/2020 00:30:14,01/01/2020 00:35:15,1,0.72,No,141,140,-5,0
01/01/2020 00:26:03,01/01/2020 00:43:08,0,5.8,No,43,148,19.5,0
01/01/2020 00:46:45,01/01/2020 01:16:14,0,4.4,No,148,48,20.5,4.85
01/01/2020 00:07:27,01/01/2020 00:23:08,0,4.6,No,161,42,15.5,0
01/01/2020 00:54:34,01/01/2020 01:06:04,0,2.1,No,226,82,10,0
01/01/2020 00:21:56,01/01/2020 00:26:33,0,0.7,No,152,152,5,0
01/01/2020 00:30:42,01/01/2020 00:32:53,0,0.4,No,166,41,3.5,0.95
01/01/2020 00:42:11,01/01/2020 00:49:02,0,1.3,No,238,236,7,0
01/01/2020 00:11:38,01/01/2020 00:12:25,1,0,No,264,264,60,6.55
01/01/2020 00:14:15,01/01/2020 00:26:39,1,2.25,No,231,107,-10.5,0
01/01/2020 00:28:05,01/01/2020 00:28:13,1,0,No,107,107,16,3.76
07/01/2020 15:37:06,07/01/2020 16:12:59,1,0,No,41,213,24.2,0
01/01/2020 00:49:18,01/01/2020 00:49:18,1,0,No,140,264,120,0
07/01/2020 16:21:34,07/01/2020 17:18:16,1,0,No,137,167,28.2,0
01/01/2020 00:27:28,01/01/2020 00:35:29,0,1.9,No,229,263,8.5,2.45
01/01/2020 01:00:29,01/01/2020 01:03:50,1,0.55,No,246,246,-4.5,0
01/01/2020 00:42:02,01/01/2020 00:52:52,0,1.7,No,170,107,9,2.55
01/01/2020 00:56:42,01/01/2020 01:04:32,0,1.1,No,107,4,7,0
01/01/2020 00:57:02,01/01/2020 00:57:09,1,0,No,237,237,22,2
01/01/2020 00:22:13,01/01/2020 00:53:05,1,0,No,89,56,36.2,0
01/01/2020 00:15:49,01/01/2020 00:24:54,0,1.3,No,125,79,8,2.35
01/01/2020 00:26:50,01/01/2020 00:30:35,0,0.6,Yes,79,113,4.5,3
01/01/2020 00:26:52,01/01/2020 00:43:14,0,6.1,No,148,263,20,4.76
01/01/2020 00:48:00,01/01/2020 00:53:01,0,0.8,No,236,236,5.5,1.85
01/01/2020 00:21:50,01/01/2020 00:28:43,2,0,No,113,90,6,0
01/01/2020 00:36:18,01/01/2020 01:02:38,1,0,No,107,262,18.5,3
01/01/2020 00:06:51,01/01/2020 00:21:09,1,3.93,No,148,141,-13.5,0
01/01/2020 00:40:30,01/01/2020 00:58:36,1,0.78,No,161,170,-11,0
01/01/2020 00:47:39,01/01/2020 01:30:51,1,0,No,213,178,49.2,0
01/01/2020 00:18:53,01/01/2020 00:51:09,0,19.6,No,132,25,54,11.05
01/01/2020 00:04:53,01/01/2020 00:26:25,1,11.35,No,107,14,-32.5,0
01/01/2020 00:38:52,01/01/2020 00:38:56,3,0,No,79,79,8.8,2
01/01/2020 00:28:41,01/01/2020 00:34:01,1,0.88,No,7,7,-5.5,0
01/01/2020 00:17:24,01/01/2020 00:19:41,0,0.3,No,158,158,3.5,1
01/01/2020 00:43:33,01/01/2020 01:08:31,1,0,No,152,90,22.2,0
01/01/2020 00:06:00,01/01/2020 00:27:31,1,0,No,254,42,28.2,0
01/01/2020 00:14:11,01/01/2020 00:37:31,0,13.2,No,170,14,37,0
01/01/2020 00:58:43,01/01/2020 01:48:42,0,13.9,No,148,116,45,0
01/01/2020 00:20:36,01/01/2020 00:36:35,0,1.8,No,107,170,11.5,0
01/01/2020 00:40:15,01/01/2020 01:01:23,0,1.9,No,170,246,14,0
01/01/2020 00:29:51,01/01/2020 00:53:50,1,0,No,179,10,32.2,0
01/01/2020 00:18:21,01/01/2020 00:18:59,1,0.16,No,148,148,-2.5,0
01/01/2020 00:12:00,01/01/2020 00:34:16,1,0,No,80,14,32.2,0
07/04/2020 07:18:32,07/04/2020 07:18:50,1,0,No,100,100,50,0
01/01/2020 00:32:26,01/01/2020 00:41:21,0,1.7,No,79,233,8,2.35
01/01/2020 00:47:35,01/01/2020 00:57:54,0,1.2,No,162,43,8,0
01/01/2020 00:58:18,01/01/2020 01:12:29,0,1.9,No,90,231,10.5,3.55
01/01/2020 00:21:47,01/01/2020 00:29:56,0,1.3,No,114,90,7.5,1
01/01/2020 00:37:16,01/01/2020 01:15:53,0,5.9,No,249,236,28,5.72
01/01/2020 00:25:40,01/01/2020 00:36:37,0,6.4,No,263,232,19,0
01/01/2020 00:41:15,01/01/2020 00:59:51,0,7.8,No,87,83,24.5,5.65
01/01/2020 00:15:07,01/01/2020 00:15:18,1,0,No,43,43,2.5,0
01/01/2020 00:57:55,01/01/2020 00:59:57,2,0,No,100,186,3.5,0
01/01/2020 00:52:34,01/01/2020 00:52:43,1,0,No,246,264,25,5.06
01/01/2020 00:57:46,01/01/2020 00:58:08,6,0,No,234,234,2.5,0
01/01/2020 00:32:16,01/01/2020 00:38:13,0,1.4,No,50,246,6.5,2.05
01/01/2020 00:53:00,01/01/2020 01:17:47,0,3.2,No,48,158,17.5,2
01/01/2020 00:09:33,01/01/2020 00:24:54,0,1.9,No,50,68,11.5,0
01/01/2020 00:56:01,01/01/2020 01:03:45,0,2.2,No,239,41,8.5,3.05
01/01/2020 00:05:02,01/01/2020 00:45:36,0,22.9,No,158,265,62.5,16.55
01/01/2020 00:54:04,01/01/2020 00:54:09,1,0,No,114,264,8,1.76
01/01/2020 00:26:01,01/01/2020 01:01:22,1,0,No,246,51,40.2,0
01/01/2020 00:59:35,01/01/2020 01:00:17,2,0,No,161,161,30,0
01/01/2020 00:14:34,01/01/2020 00:15:49,1,0.08,No,161,161,-3,0
01/01/2020 00:37:57,01/01/2020 00:38:04,1,0,No,79,79,2.5,3
01/01/2020 00:58:22,01/01/2020 01:26:33,0,5.5,Yes,161,87,23.5,0
01/01/2020 00:45:37,01/01/2020 00:45:38,1,0,No,264,264,12,2.46
01/01/2020 00:08:54,01/01/2020 00:14:54,0,1.2,No,162,141,6.5,3.05
01/01/2020 00:18:00,01/01/2020 00:24:05,0,1,No,141,229,6,0
01/01/2020 00:24:37,01/01/2020 00:31:19,1,1.26,No,79,45,-6.5,0
01/01/2020 00:00:46,01/01/2020 00:19:33,1,4,No,161,263,-16,0
01/01/2020 00:32:51,01/01/2020 00:34:24,1,0,No,114,114,30.2,0
01/01/2020 00:17:43,01/01/2020 00:21:58,3,0.68,No,158,125,-4.5,0
01/01/2020 00:15:23,01/01/2020 00:18:06,1,0.4,No,234,234,-4,0
01/01/2020 00:29:17,01/01/2020 00:29:19,1,0,No,265,264,115,23.16
01/01/2020 00:39:15,01/01/2020 00:39:50,1,0,No,132,132,2.5,0
01/01/2020 00:17:52,01/01/2020 00:18:52,2,0,No,234,234,0.1,0
01/01/2020 00:58:53,01/01/2020 01:29:54,1,0,No,116,81,33.2,0
01/01/2020 00:45:27,01/01/2020 00:52:00,1,0.6,No,233,162,-6,0
01/01/2020 00:14:43,01/01/2020 00:35:53,0,8.5,No,79,42,26,0
01/01/2020 00:44:33,01/01/2020 00:44:33,2,0,No,42,264,2.5,0
01/01/2020 00:21:02,01/01/2020 00:22:55,2,0,No,161,161,3,0
01/01/2020 00:21:29,01/01/2020 00:21:40,3,0,No,143,143,65.5,13.66
01/01/2020 00:41:57,01/01/2020 00:42:05,1,0,No,170,170,15,4.45
01/01/2020 00:51:59,01/01/2020 00:52:14,1,0,No,170,170,52,6
01/01/2020 00:23:25,01/01/2020 00:24:42,1,0,No,264,264,63,5
01/01/2020 00:24:53,01/01/2020 00:25:10,1,0,No,107,107,30,6.66
07/04/2020 10:04:16,07/04/2020 10:36:43,1,0,No,75,61,34.2,0
01/01/2020 01:10:25,01/01/2020 01:11:16,1,0,No,145,145,2.5,0
01/01/2020 01:11:32,01/01/2020 01:12:00,1,0,No,145,145,2.5,0
01/01/2020 01:06:25,01/01/2020 01:13:42,0,2.3,No,95,121,9,0
01/01/2020 01:37:45,01/01/2020 01:53:33,0,7.2,No,95,191,21.5,0
01/01/2020 01:50:04,01/01/2020 01:53:55,1,0.09,No,233,233,-4,0
01/01/2020 01:42:50,01/01/2020 01:52:17,0,2.2,No,97,80,9.5,2.15
01/01/2020 01:56:29,01/01/2020 02:33:25,0,9.1,No,255,75,33,7.35
01/01/2020 01:12:31,01/01/2020 01:26:10,0,1,No,144,148,9.5,0
01/01/2020 01:36:19,01/01/2020 01:45:34,0,1,No,148,144,7.5,0
01/01/2020 01:49:58,01/01/2020 02:54:44,0,26.9,No,144,265,92.5,0
01/01/2020 01:41:59,01/01/2020 02:01:07,0,2.7,No,170,142,14,0
01/01/2020 01:39:26,01/01/2020 02:03:58,1,0,No,14,133,24.2,0
01/01/2020 01:53:34,01/01/2020 01:54:17,4,0,No,129,129,0,0
01/01/2020 01:58:47,01/01/2020 02:00:07,4,0,No,129,129,45,0
01/01/2020 01:05:06,01/01/2020 01:16:59,0,1.7,No,90,144,9,0
01/01/2020 01:18:11,01/01/2020 01:29:29,0,1.8,No,144,107,9,3.33
01/01/2020 01:40:49,01/01/2020 01:50:34,0,1.2,No,107,186,8,2.45
01/01/2020 01:52:14,01/01/2020 01:57:22,0,0.9,No,186,249,5.5,0
01/01/2020 01:59:16,01/01/2020 02:03:53,0,0.8,No,249,79,5,0
01/01/2020 01:49:16,01/01/2020 01:49:28,2,0,No,238,264,41,0
01/01/2020 01:10:50,01/01/2020 01:42:37,0,5.5,No,107,87,23.5,2.5
01/01/2020 01:13:26,01/01/2020 01:36:52,0,3.2,No,237,234,16.5,0
01/01/2020 01:41:04,01/01/2020 01:49:50,0,1.1,No,234,107,7.5,0
01/01/2020 01:52:33,01/01/2020 02:03:38,0,1.5,No,137,224,9,2.55
01/01/2020 01:54:24,01/01/2020 01:55:20,1,0,No,263,263,2.5,0
01/01/2020 01:58:16,01/01/2020 02:17:57,1,0,No,108,76,28.2,0
01/01/2020 01:27:23,01/01/2020 01:37:51,0,1.9,No,229,186,9,3.8
01/01/2020 01:39:39,01/01/2020 01:55:07,0,2.3,No,186,229,11.5,0
01/01/2020 01:00:52,01/01/2020 01:10:00,0,1.7,No,229,263,8.5,0
01/01/2020 01:47:39,01/01/2020 01:59:16,0,2,No,152,151,10,0
01/01/2020 01:06:56,01/01/2020 01:47:14,1,0,No,225,250,38.2,0
01/01/2020 01:58:49,01/01/2020 02:19:27,0,2.2,No,246,107,13.5,0
01/01/2020 01:22:08,01/01/2020 01:22:29,1,0,No,116,116,13,0
01/01/2020 01:21:58,01/01/2020 01:29:56,0,0.9,No,239,239,7,0
07/04/2020 16:29:15,07/04/2020 16:29:23,2,0,No,168,168,2.5,0
01/01/2020 01:49:03,01/01/2020 01:57:21,0,1.5,No,238,24,8,2.35
01/01/2020 01:12:52,01/01/2020 01:37:33,0,3.2,No,141,249,16.5,4.05
07/04/2020 17:49:24,07/04/2020 17:49:29,1,0,No,239,264,2.5,0
01/01/2020 01:55:23,01/01/2020 01:57:33,0,0.2,No,262,262,21,0.06
07/05/2020 13:11:55,07/05/2020 13:12:04,0,0,No,264,264,2.5,10
01/01/2020 01:14:21,01/01/2020 01:23:17,0,1.5,No,234,249,7.5,2.25
01/01/2020 01:25:59,01/01/2020 01:37:21,0,1.5,No,249,234,9,2.55
01/01/2020 01:41:36,01/01/2020 02:02:06,0,1.8,No,164,158,13,0
01/01/2020 01:42:48,01/01/2020 01:42:48,1,0,No,211,264,4.5,0
01/01/2020 01:09:09,01/01/2020 01:15:19,1,0.52,No,263,262,-5,0
01/01/2020 01:57:05,01/01/2020 02:28:25,1,0,No,243,246,28.2,0
01/01/2020 01:07:02,01/01/2020 01:19:04,0,2.2,No,234,229,10,2.76
01/01/2020 01:20:04,01/01/2020 01:24:51,0,1.2,No,229,141,6,1.5
01/01/2020 01:34:55,01/01/2020 01:52:03,0,2.8,No,233,239,13,3.35
01/01/2020 01:54:00,01/01/2020 02:45:25,0,10.7,No,239,89,39.5,0
01/01/2020 01:16:04,01/01/2020 01:33:53,0,3.4,No,181,256,14.5,0
01/01/2020 01:28:13,01/01/2020 01:38:29,0,2.4,No,107,141,10,2.75
01/01/2020 01:09:56,01/01/2020 01:10:00,1,0,No,79,79,20,6.09
01/01/2020 01:08:38,01/01/2020 01:35:05,1,0,No,17,39,22.2,0
01/01/2020 01:21:39,01/01/2020 01:40:45,0,10,No,132,265,32.5,0
01/01/2020 01:09:23,01/01/2020 01:26:12,0,4.9,No,13,148,17.5,1
01/01/2020 01:27:21,01/01/2020 01:34:42,0,0.6,No,148,148,6,0
01/01/2020 01:35:36,01/01/2020 01:40:08,0,0.6,No,148,79,4.5,1.65
01/01/2020 01:49:37,01/01/2020 02:08:36,0,4.7,No,79,237,16,5.9
07/05/2020 16:54:22,07/05/2020 17:41:31,1,0,No,152,63,40.2,0
01/01/2020 01:00:12,01/01/2020 01:36:55,0,2.7,No,48,234,22,2
01/01/2020 01:40:06,01/01/2020 01:41:10,0,0.2,No,234,234,3,0
01/01/2020 01:43:17,01/01/2020 02:09:36,0,4.8,No,234,97,20,3
01/01/2020 01:13:38,01/01/2020 01:34:46,1,0,No,49,26,28.2,0
07/12/2020 23:55:27,07/12/2020 23:56:07,1,0,No,145,145,16,0
01/01/2020 01:12:38,01/01/2020 01:13:02,4,0,No,236,236,19.5,3
01/01/2020 01:08:41,01/01/2020 01:08:47,1,0,No,140,140,-52,0
01/01/2020 01:28:07,01/01/2020 02:18:28,1,0,No,165,69,49.2,0
01/01/2020 01:12:28,01/01/2020 01:22:31,0,2.9,No,24,244,11,2.45
01/01/2020 01:35:36,01/01/2020 01:48:03,0,2.7,Yes,166,244,11.5,2.55
07/13/2020 05:38:04,07/13/2020 05:44:20,1,0,No,262,75,11.2,0
01/01/2020 01:35:23,01/01/2020 01:39:19,0,1.7,No,162,263,6.5,2.05
01/01/2020 01:19:10,01/01/2020 01:49:02,0,6.7,No,263,82,25,5.75
01/01/2020 01:00:38,01/01/2020 01:00:40,4,0,No,140,140,19.8,4.12
01/01/2020 01:50:20,01/01/2020 01:52:16,1,0,No,79,79,160,0
01/01/2020 01:14:16,01/01/2020 01:18:22,0,0.3,No,232,79,4.5,1.65
01/01/2020 01:32:59,01/01/2020 01:33:02,2,0,No,264,264,75,15.06
01/01/2020 01:24:57,01/01/2020 01:24:59,2,0,No,264,264,58,11.76
07/13/2020 13:08:31,07/13/2020 13:16:25,1,0,No,140,233,14.03,0
01/01/2020 01:52:13,01/01/2020 02:11:55,0,4.2,No,189,80,16.5,3.56
01/01/2020 01:14:32,01/01/2020 01:23:57,2,0,No,164,186,7,1
07/13/2020 15:17:58,07/13/2020 16:23:03,1,0,No,170,10,36.2,0
01/01/2020 01:05:53,01/01/2020 01:13:54,0,1.4,No,152,24,7.5,0
01/01/2020 01:22:17,01/01/2020 01:27:15,0,1,No,238,151,5.5,0
01/01/2020 00:59:08,01/01/2020 01:00:41,6,0.16,No,137,137,-3,0
07/28/2020 09:02:59,07/28/2020 09:08:19,0,0.5,No,43,43,5.5,0
01/01/2020 01:48:39,01/01/2020 01:49:33,1,0,No,107,107,-2.5,0
07/28/2020 10:09:08,07/28/2020 10:09:10,1,0,No,26,26,2.5,0
01/01/2020 01:10:33,01/01/2020 01:28:24,0,4.3,No,112,61,16.5,4.45
01/01/2020 01:41:49,01/01/2020 01:43:56,3,0.12,No,229,229,-3.5,0
01/01/2020 01:04:30,01/01/2020 01:08:36,1,0.99,No,140,229,-5.5,0
01/01/2020 01:10:41,01/01/2020 01:16:31,1,0.65,No,229,162,-5,0
01/01/2020 01:53:18,01/01/2020 01:54:23,1,0.15,No,162,170,-3,0
01/01/2020 01:11:45,01/01/2020 01:46:17,1,0,No,61,55,32.2,0
01/01/2020 01:09:36,01/01/2020 01:24:04,0,1.9,No,107,148,10.5,0
01/01/2020 01:26:10,01/01/2020 01:40:58,0,2.8,No,148,90,12.5,3.25
01/01/2020 01:42:28,01/01/2020 02:07:19,0,2.8,No,68,148,16.5,0
01/01/2020 01:01:49,01/01/2020 01:38:48,1,0,No,41,18,22.2,0
07/28/2020 10:54:44,07/28/2020 11:22:52,1,0,No,170,61,26.2,0
01/01/2020 01:50:19,01/01/2020 02:01:27,1,2.63,No,49,61,-10.5,0
01/01/2020 01:16:49,01/01/2020 01:39:30,1,5.37,No,141,119,-19,0
01/01/2020 01:27:48,01/01/2020 01:27:51,1,0,No,148,264,50,0
01/01/2020 01:20:59,01/01/2020 01:39:11,0,3.3,No,170,239,14.5,3.66
01/01/2020 01:40:00,01/01/2020 02:02:33,0,3.1,No,239,186,16,3.95
01/01/2020 01:49:37,01/01/2020 01:49:37,1,0,Yes,145,264,4.5,0
01/01/2020 01:03:15,01/01/2020 01:13:12,0,1.8,No,25,66,9,3.05
01/01/2020 01:25:03,01/01/2020 01:31:23,0,1.2,No,41,166,6.5,0
01/01/2020 01:49:05,01/01/2020 02:08:10,0,4.8,No,48,42,17.5,4.25
01/01/2020 01:49:43,01/01/2020 02:16:53,1,0,No,75,219,42.2,0
01/01/2020 01:19:20,01/01/2020 01:21:20,0,0.5,No,263,236,4,0
01/01/2020 01:10:44,01/01/2020 01:26:30,0,3,No,151,140,13,3.36
01/01/2020 01:32:38,01/01/2020 01:35:14,0,0.1,No,229,229,3.5,0
01/01/2020 01:37:22,01/01/2020 01:47:32,0,1.9,No,229,234,9,2.25
01/01/2020 01:50:04,01/01/2020 02:01:27,0,1.5,No,90,79,9,2.55
01/01/2020 01:18:56,01/01/2020 01:20:47,1,0.42,No,125,231,-3.5,0
07/28/2020 11:37:49,07/28/2020 11:59:21,1,0,No,141,157,22.2,0
01/01/2020 01:13:55,01/01/2020 01:19:52,0,1.7,No,264,263,7.5,1
01/01/2020 01:25:08,01/01/2020 01:37:07,0,2.3,No,263,137,10.5,2.85
01/01/2020 01:40:04,01/01/2020 02:00:25,0,4.5,No,107,25,17.5,2.5
01/01/2020 01:08:14,01/01/2020 01:10:14,2,0.24,No,42,42,-3.5,-0.8
01/01/2020 01:39:21,01/01/2020 01:42:49,0,0.9,No,236,141,5,0
01/01/2020 01:54:30,01/01/2020 02:28:53,1,0,No,238,257,36.2,0
01/01/2020 01:02:58,01/01/2020 01:03:04,1,0,No,249,249,13.5,0
01/01/2020 01:24:16,01/01/2020 01:49:57,0,4.9,No,234,75,19.5,6.95
01/01/2020 01:33:19,01/01/2020 01:33:57,1,0,No,48,48,11,2.8
01/01/2020 01:04:36,01/01/2020 01:06:21,0,0.3,No,79,79,3.5,2.5
01/01/2020 01:27:52,01/01/2020 01:32:41,0,0.6,No,164,170,5,1.75
01/01/2020 01:11:23,01/01/2020 01:36:47,0,5.8,No,164,87,22.5,0
01/01/2020 01:39:59,01/01/2020 01:55:51,0,4.4,No,88,246,16,10
01/01/2020 01:50:07,01/01/2020 01:50:07,1,0,No,162,264,5,0
01/01/2020 01:44:42,01/01/2020 01:49:34,0,0.8,No,236,236,5.5,0
01/01/2020 01:52:14,01/01/2020 01:59:03,0,1.1,No,236,141,6.5,0
01/01/2020 01:06:30,01/01/2020 01:34:42,0,4,No,236,107,19.5,3.5
01/01/2020 01:48:31,01/01/2020 02:14:05,0,5.8,No,231,236,21.5,2
01/01/2020 01:37:20,01/01/2020 01:49:27,0,2.1,No,137,162,10,0
01/01/2020 01:29:08,01/01/2020 01:43:28,0,2.5,No,239,75,12,3.16
01/01/2020 01:47:20,01/01/2020 01:49:33,0,0.4,No,236,236,4,1.56
01/01/2020 01:38:28,01/01/2020 01:56:56,0,3.9,No,246,87,16,0
01/01/2020 01:49:25,01/01/2020 01:49:46,3,0,No,265,265,75,5
01/01/2020 01:26:55,01/01/2020 01:29:57,0,0.1,No,230,163,3.5,0
01/01/2020 01:26:20,01/01/2020 01:46:16,1,5.78,No,141,144,-20,0
01/01/2020 01:56:04,01/01/2020 01:56:07,1,0,No,140,140,17,5.19
01/01/2020 01:51:36,01/01/2020 02:01:20,0,1.6,No,107,246,8.5,2.45
01/01/2020 01:17:03,01/01/2020 01:29:48,0,2.4,No,80,36,10.5,3
01/01/2020 01:34:16,01/01/2020 01:51:38,0,5.6,No,36,134,18.5,4.95
07/28/2020 11:59:40,07/28/2020 12:22:57,1,0,No,232,42,28.2,0
01/01/2020 01:33:10,01/01/2020 01:33:11,2,0,No,264,264,14.3,2.92
07/04/2020 21:22:00,07/04/2020 21:37:00,,3.03,Yes,116,74,21.95,2.75
01/01/2020 01:50:41,01/01/2020 02:34:05,4,16.38,No,68,265,-50,0
01/01/2020 01:13:46,01/01/2020 01:20:25,0,1,No,237,140,6.5,1.55
01/01/2020 01:21:58,01/01/2020 01:29:51,0,1,Yes,140,141,7,0
01/01/2020 01:35:19,01/01/2020 01:45:37,0,2.2,No,140,75,10,3
01/01/2020 01:54:59,01/01/2020 02:06:56,0,1.9,No,142,141,10,2.75
01/01/2020 01:39:12,01/01/2020 02:06:43,1,0,No,80,123,30.2,0
01/01/2020 01:37:29,01/01/2020 02:18:13,1,0,No,102,232,28.2,0
01/01/2020 01:07:37,01/01/2020 01:28:12,0,3,No,161,144,15,3.75
01/01/2020 01:29:24,01/01/2020 01:42:59,0,2.1,No,144,170,10.5,2
01/01/2020 01:45:13,01/01/2020 02:02:22,0,2.8,No,170,142,13,1
01/01/2020 01:42:30,01/01/2020 01:43:03,1,0,No,265,265,20,5.05
01/01/2020 01:59:48,01/01/2020 02:01:07,1,0,No,68,48,3,0
07/04/2020 21:06:00,07/04/2020 21:09:00,,1,Yes,48,48,14.95,2.75
01/01/2020 01:32:16,01/01/2020 01:32:22,1,0,No,246,68,52,0
01/01/2020 01:57:53,01/01/2020 02:00:55,0,0.3,No,163,48,4,3
01/01/2020 01:07:15,01/01/2020 01:07:39,1,0,No,48,48,70,0
01/01/2020 01:29:53,01/01/2020 01:59:28,1,0,No,225,74,32.2,0
01/01/2020 01:14:44,01/01/2020 01:14:44,0,0,No,90,264,9,0
01/01/2020 01:37:02,01/01/2020 01:37:08,0,0,No,25,25,2.5,18
01/01/2020 01:43:32,01/01/2020 01:43:32,0,0,Yes,25,264,5.5,0
01/01/2020 01:52:47,01/01/2020 02:17:25,1,10.85,No,236,18,-31.5,0
01/01/2020 01:21:38,01/01/2020 01:22:02,1,0,No,68,68,2.5,0
01/01/2020 01:08:18,01/01/2020 01:13:11,0,1.5,No,237,75,6.5,0
01/01/2020 01:23:58,01/01/2020 01:38:20,0,2.5,No,237,238,12,2
01/01/2020 01:53:14,01/01/2020 02:19:33,0,5.7,No,239,243,21,4.96
01/01/2020 01:07:04,01/01/2020 01:24:01,1,2.48,No,263,143,-12.5,0
01/01/2020 01:46:27,01/01/2020 01:46:33,1,0,No,43,43,2.5,0
01/01/2020 01:47:01,01/01/2020 01:47:17,1,0,No,43,41,2.5,15
01/01/2020 01:01:54,01/01/2020 01:10:17,2,1.86,No,229,236,-8,0
01/01/2020 01:39:09,01/01/2020 01:39:15,1,0,No,264,264,11.3,0
01/01/2020 01:23:25,01/01/2020 01:49:08,0,3.4,No,50,114,17.5,4.25
01/01/2020 01:50:40,01/01/2020 02:22:34,0,5.1,No,114,140,23.5,3
01/01/2020 01:08:26,01/01/2020 01:09:37,2,0,No,265,265,60,10
01/01/2020 00:55:08,01/01/2020 00:56:11,1,0,No,107,107,-3,0
01/01/2020 01:48:54,01/01/2020 01:49:03,2,0,No,144,144,8,0.08
01/01/2020 01:42:56,01/01/2020 01:43:07,1,0,No,246,246,35,7.56
01/01/2020 01:46:17,01/01/2020 02:20:18,1,0,No,25,202,24.2,0
07/04/2020 21:54:00,07/04/2020 22:07:00,,2.62,Yes,137,145,8.3,4.28
07/04/2020 21:37:00,07/04/2020 22:04:00,,6.61,Yes,231,36,32.45,2.75
01/01/2020 01:27:37,01/01/2020 02:05:40,1,0,No,76,51,40.2,0
01/01/2020 01:23:57,01/01/2020 01:33:07,0,1.1,No,237,262,7.5,2.25
01/01/2020 01:48:32,01/01/2020 01:53:48,0,0.6,No,161,229,5.5,0
01/01/2020 01:13:17,01/01/2020 01:16:59,1,0,No,137,137,4,0
01/01/2020 01:40:45,01/01/2020 02:06:02,1,0,No,75,82,24.2,0
07/04/2020 21:11:00,07/04/2020 21:23:00,,4.75,Yes,208,147,25.45,2.75
01/01/2020 01:18:31,01/01/2020 01:29:08,0,2.3,Yes,142,151,10,4.1
01/01/2020 01:31:34,01/01/2020 01:43:48,0,2.7,Yes,151,244,11.5,2.55
07/04/2020 21:26:00,07/04/2020 21:45:00,,2.83,Yes,147,235,25.45,2.75
01/01/2020 01:47:37,01/01/2020 01:48:08,1,0,No,246,246,2.5,0
01/01/2020 01:07:45,01/01/2020 01:14:46,0,1.1,No,233,137,6.5,1.5
01/01/2020 01:06:48,01/01/2020 01:26:29,1,0,No,42,51,28.2,0
01/01/2020 01:00:38,01/01/2020 01:07:01,0,0.7,No,211,114,5.5,1.4
01/01/2020 01:09:04,01/01/2020 01:15:07,0,0.9,No,114,79,6,0
01/01/2020 01:17:25,01/01/2020 01:43:42,0,4.9,Yes,4,236,20,4
01/01/2020 01:47:19,01/01/2020 01:51:36,0,0.6,No,263,262,5,1
01/01/2020 01:53:33,01/01/2020 02:08:45,0,2.8,No,262,151,12,3.15
01/01/2020 01:01:23,01/01/2020 01:19:21,0,4.4,No,41,235,16.5,0
01/01/2020 01:52:37,01/01/2020 01:52:39,1,0,No,264,264,19,3.86
01/01/2020 01:29:55,01/01/2020 01:31:38,0,0.4,No,246,246,3.5,0
01/01/2020 01:01:16,01/01/2020 01:14:49,0,8,Yes,48,243,23.5,6.83
01/01/2020 01:15:38,01/01/2020 01:22:04,0,1.1,No,243,243,6.5,0
01/01/2020 01:50:11,01/01/2020 02:06:31,0,3.1,No,48,141,13,0
01/01/2020 01:34:05,01/01/2020 01:41:06,0,1.1,No,229,237,6.5,2.05
01/01/2020 01:42:29,01/01/2020 01:43:10,1,0,No,264,264,25,0
07/04/2020 21:15:05,07/04/2020 21:39:18,,0,Yes,41,246,19.2,2.3
07/04/2020 21:20:00,07/04/2020 22:06:00,,19.62,Yes,170,55,45.6,2.75
01/01/2020 01:27:34,01/01/2020 01:28:40,1,0,No,265,264,170,34.16
01/01/2020 01:36:33,01/01/2020 01:49:17,0,2.6,No,231,33,11,4.4
01/01/2020 01:42:35,01/01/2020 01:44:33,3,0.75,No,263,236,-4,0
01/01/2020 01:13:10,01/01/2020 01:18:05,0,1,No,48,143,5.5,1.85
01/01/2020 01:32:33,01/01/2020 01:43:26,0,1.2,No,48,68,8,11.8
01/01/2020 01:47:25,01/01/2020 02:03:19,0,2.8,No,68,211,12.5,3.25
01/01/2020 01:01:50,01/01/2020 01:26:11,1,0,No,160,141,30.13,0
01/01/2020 01:57:45,01/01/2020 01:58:30,2,0,No,50,50,2.5,0
01/01/2020 01:28:52,01/01/2020 01:30:52,1,0,No,108,108,28.2,0
01/01/2020 01:41:32,01/01/2020 01:43:05,1,0.11,No,142,142,-3,0
01/01/2020 01:50:03,01/01/2020 01:50:41,1,0,No,234,164,2.5,0
01/01/2020 01:35:39,01/01/2020 01:35:39,1,0,Yes,249,264,2.5,0
07/04/2020 21:49:00,07/04/2020 22:24:00,,19.37,Yes,35,119,40.45,2.75
01/01/2020 01:40:36,01/01/2020 01:42:14,1,0.52,No,237,236,-3.5,0
01/01/2020 01:02:55,01/01/2020 01:07:57,3,0,No,48,48,5,2
01/01/2020 01:43:15,01/01/2020 02:31:54,1,0,No,22,238,49.2,0
01/01/2020 01:43:22,01/01/2020 02:38:50,1,0,No,55,238,52.2,0
01/01/2020 01:27:02,01/01/2020 01:56:07,1,0,No,7,205,32.2,0
01/01/2020 01:44:12,01/01/2020 01:45:02,2,0,No,170,164,2.5,1.25
01/01/2020 01:05:19,01/01/2020 01:30:18,0,4.1,No,181,79,19,5.7
01/01/2020 01:31:28,01/01/2020 01:34:57,0,0.8,No,79,107,5,0.97
01/01/2020 01:36:55,01/01/2020 01:51:50,0,2.5,No,224,163,11,0
01/01/2020 01:58:06,01/01/2020 02:09:41,0,1.9,No,163,164,9.5,0
01/01/2020 01:06:43,01/01/2020 01:07:02,1,0,No,37,37,2.5,38
01/01/2020 01:08:47,01/01/2020 01:28:26,0,3.5,No,163,114,15.5,2
07/04/2020 21:50:53,07/04/2020 22:41:59,,27.94,Yes,159,206,66.35,0
07/04/2020 21:27:00,07/04/2020 21:45:00,,6.71,Yes,74,145,18.32,1
01/01/2020 01:02:30,01/01/2020 01:55:28,1,0,No,42,35,42.2,0
01/01/2020 01:33:41,01/01/2020 01:33:50,1,0,No,143,143,25,5.56
01/01/2020 01:30:28,01/01/2020 01:35:31,0,1.2,No,79,170,6,0
01/01/2020 01:41:28,01/01/2020 02:12:02,1,9.57,No,88,146,-31,0
01/01/2020 01:20:09,01/01/2020 01:21:13,5,0,No,137,137,2.5,1.89
07/04/2020 21:38:00,07/04/2020 21:55:00,,4.54,Yes,4,49,28.95,2.75
01/01/2020 01:13:51,01/01/2020 01:53:48,1,0,No,55,3,66.2,0
01/01/2020 01:18:28,01/01/2020 01:20:33,0,0.3,No,237,237,3.5,0
01/01/2020 01:51:40,01/01/2020 01:59:37,0,0.7,No,137,233,6.5,0
01/01/2020 01:25:47,01/01/2020 01:26:21,5,0,No,161,161,2.5,5
01/01/2020 01:48:28,01/01/2020 01:48:39,1,0,No,263,263,20.3,2
01/01/2020 01:28:50,01/01/2020 02:08:05,0,12.5,No,132,61,40,7
01/01/2020 01:10:26,01/01/2020 01:29:35,0,3.8,No,163,231,15.5,0
01/01/2020 01:30:52,01/01/2020 01:37:56,0,1.6,No,231,113,7.5,2.25
01/01/2020 01:39:55,01/01/2020 01:53:44,0,2.6,No,113,229,11.5,4.7
01/01/2020 01:44:55,01/01/2020 02:12:20,0,5.47,No,100,265,60,12.56
07/04/2020 21:12:00,07/04/2020 21:28:00,,4.45,Yes,75,107,22.19,2.75
07/04/2020 21:27:00,07/04/2020 21:58:00,,14.3,Yes,151,228,35.96,2.75
01/01/2020 01:53:01,01/01/2020 01:54:42,3,0.15,No,164,164,-3,0
01/01/2020 01:35:06,01/01/2020 01:40:59,1,0.96,No,13,88,-6.5,0
07/04/2020 21:39:15,07/04/2020 21:52:32,,2.2,Yes,239,140,11,2.22
01/01/2020 01:08:37,01/01/2020 01:16:54,0,1.7,No,141,233,8,2
01/01/2020 01:20:27,01/01/2020 01:28:50,0,2.1,No,170,141,8.5,2.45
01/01/2020 01:38:07,01/01/2020 01:43:36,0,1.2,No,141,263,6,0
01/01/2020 01:49:46,01/01/2020 02:04:45,0,3.5,No,236,107,13,3.35
07/04/2020 21:19:00,07/04/2020 21:36:00,,8.01,Yes,231,263,21.54,4.2
01/01/2020 01:11:32,01/01/2020 01:36:51,1,0,No,212,232,32.2,0
01/01/2020 01:25:51,01/01/2020 01:25:53,1,0,No,264,264,2.5,0.76
01/01/2020 01:00:55,01/01/2020 01:13:36,0,1.6,No,237,229,10,2.07
01/01/2020 01:20:08,01/01/2020 01:33:29,0,2.4,No,161,224,10.5,0
07/04/2020 21:33:00,07/04/2020 22:11:00,,13.72,Yes,188,238,53.75,2.75
07/04/2020 21:11:00,07/04/2020 21:54:00,,17.76,Yes,236,91,41.65,2.75
01/01/2020 01:34:06,01/01/2020 01:41:11,0,1.7,No,238,143,7.5,2.8
01/01/2020 01:48:22,01/01/2020 01:53:11,0,0.3,No,48,48,5,2.2
01/01/2020 01:54:12,01/01/2020 02:15:46,0,3.8,No,48,125,16.5,4.05
07/04/2020 21:59:08,07/04/2020 22:16:19,,3.42,Yes,159,213,21.95,2.75
01/01/2020 01:20:07,01/01/2020 01:21:47,2,0,No,164,164,3,0
01/01/2020 01:59:16,01/01/2020 01:59:55,1,0,No,143,143,2.5,0
01/01/2020 01:29:59,01/01/2020 01:48:55,0,5.5,No,79,262,20,5
01/01/2020 01:59:01,01/01/2020 02:00:53,1,0,No,233,233,-90,0
01/01/2020 01:39:17,01/01/2020 01:39:17,1,0,Yes,126,264,0,0
01/01/2020 01:45:38,01/01/2020 01:46:27,1,0,No,79,79,2.5,0
01/01/2020 01:05:36,01/01/2020 01:05:47,1,0,No,74,74,15,3.06
01/01/2020 01:41:23,01/01/2020 01:49:19,0,1.8,No,41,151,8.5,1.96
01/01/2020 01:55:43,01/01/2020 02:13:42,0,2.8,No,163,79,13,3.35
01/01/2020 01:25:10,01/01/2020 01:25:21,1,0,No,186,186,15.8,3.72
01/01/2020 01:07:22,01/01/2020 01:20:40,0,2.8,No,202,226,11.5,2.55
01/01/2020 01:40:30,01/01/2020 01:50:41,0,3.3,No,229,7,12,0
01/01/2020 01:12:47,01/01/2020 01:12:55,2,0,No,88,88,25,5.66
07/04/2020 21:21:12,07/04/2020 21:42:42,,7.38,Yes,68,42,35.95,2.75
01/01/2020 01:19:17,01/01/2020 01:41:00,1,0,No,169,50,28.2,0
01/01/2020 01:56:25,01/01/2020 02:02:24,2,0,No,238,238,5,0
01/01/2020 01:01:32,01/01/2020 01:48:45,1,0,No,35,247,46.2,0
01/01/2020 01:02:00,01/01/2020 01:08:17,0,1,No,236,237,6.5,2.05
01/01/2020 01:12:04,01/01/2020 01:24:20,0,3.2,No,237,74,12,0
01/01/2020 01:31:53,01/01/2020 01:36:53,0,0.9,No,74,41,5.5,1.35
01/01/2020 01:41:14,01/01/2020 01:53:11,0,2.9,No,151,140,11.5,0
01/01/2020 01:54:16,01/01/2020 02:03:05,0,1.8,No,140,236,8.5,2.45
01/01/2020 01:10:38,01/01/2020 01:14:26,0,0.3,No,238,151,4.5,2.2
01/01/2020 01:23:36,01/01/2020 01:41:55,0,2.4,No,239,162,13,4.2
01/01/2020 01:46:38,01/01/2020 01:49:00,0,0.2,No,170,233,3.5,1
01/01/2020 01:51:23,01/01/2020 02:08:28,0,1.9,No,233,90,11.5,2
01/01/2020 01:03:16,01/01/2020 01:17:22,0,1.8,Yes,231,79,11,1
01/01/2020 01:18:36,01/01/2020 01:31:12,0,2.2,No,79,233,10.5,0
01/01/2020 01:35:53,01/01/2020 01:40:03,0,0.6,No,233,161,4.5,0
01/01/2020 01:52:31,01/01/2020 02:10:53,0,1.6,Yes,164,50,12.5,4.05
01/01/2020 01:01:50,01/01/2020 01:01:56,1,0,No,246,246,2.5,3
01/01/2020 01:37:25,01/01/2020 01:52:41,0,2.1,No,68,144,11,2.95
01/01/2020 01:24:23,01/01/2020 01:46:09,0,4,No,142,249,17.5,4.25
01/01/2020 01:47:01,01/01/2020 02:06:05,0,3.4,No,249,66,15,3.75
01/01/2020 01:56:28,01/01/2020 02:01:32,1,0.87,No,113,114,-5.5,0
01/01/2020 01:04:34,01/01/2020 01:04:42,2,0,No,69,264,16.8,0
01/01/2020 01:11:32,01/01/2020 01:22:24,0,2.1,No,237,262,10,2.76
01/01/2020 01:29:17,01/01/2020 01:37:01,0,1.6,No,263,229,7.5,1
01/01/2020 01:38:00,01/01/2020 02:08:49,0,8.6,No,229,243,28.5,6
01/01/2020 01:13:50,01/01/2020 01:14:59,1,0.35,No,132,132,-3.5,0
01/01/2020 01:11:00,01/01/2020 01:28:12,0,3.7,No,170,232,15,3.75
01/01/2020 01:34:49,01/01/2020 01:44:35,0,2,No,79,170,9,0
01/01/2020 01:50:03,01/01/2020 02:05:20,0,2.5,No,170,79,11.5,1
07/04/2020 21:06:35,07/04/2020 21:15:45,,2.76,Yes,163,246,11.83,2.83
01/01/2020 01:03:21,01/01/2020 01:27:30,1,0,No,17,74,37.03,0
01/01/2020 01:46:11,01/01/2020 02:24:51,1,0,No,61,159,42.2,0
07/04/2020 21:20:00,07/04/2020 21:32:00,,1.55,Yes,11,67,14.95,2.75
07/04/2020 21:02:00,07/04/2020 21:48:00,,16.95,Yes,61,117,45.65,2.75
01/01/2020 01:04:41,01/01/2020 01:15:50,0,1.2,No,226,226,8.5,0
01/01/2020 01:24:48,01/01/2020 01:31:26,0,0.7,No,226,226,6,1.8
01/01/2020 01:33:10,01/01/2020 01:36:36,0,0.5,No,170,170,4.5,1.65
01/01/2020 01:41:45,01/01/2020 01:50:56,0,1.5,No,164,162,7.5,0
01/01/2020 01:57:21,01/01/2020 02:07:53,0,1.1,No,161,68,8,0
01/01/2020 01:56:14,01/01/2020 02:34:57,0,13.1,No,263,89,40.5,8.85
01/01/2020 01:10:53,01/01/2020 01:32:44,0,7.8,No,79,129,25.5,0
07/04/2020 21:40:28,07/04/2020 21:49:16,,2.1,Yes,162,224,9.5,0.67
01/01/2020 01:13:03,01/01/2020 01:13:15,1,0,No,233,233,14,2
07/01/2020 00:57:36,07/01/2020 01:30:10,,25.98,Yes,42,156,88.21,0
07/01/2020 00:58:00,07/01/2020 01:27:00,,7.66,Yes,68,61,42.2,0
01/01/2020 01:01:49,01/01/2020 01:07:58,0,1.1,No,237,43,6,0
01/01/2020 01:38:04,01/01/2020 01:50:59,0,1.4,No,125,148,9.5,2.65
01/01/2020 01:47:22,01/01/2020 01:49:50,1,0.18,No,161,230,-3.5,0
01/01/2020 01:27:06,01/01/2020 01:38:56,0,1.7,No,260,82,9.5,0
07/01/2020 01:06:47,07/01/2020 01:26:08,,9.24,Yes,235,50,46.2,0
01/01/2020 01:15:10,01/01/2020 01:23:06,0,1.3,No,151,239,7.5,4
01/01/2020 01:50:13,01/01/2020 01:55:51,0,0.7,No,142,143,6,1.95
01/01/2020 01:59:33,01/01/2020 02:08:36,0,1.7,No,50,246,8.5,2.45
07/01/2020 01:20:41,07/01/2020 01:28:35,,1.7,Yes,151,75,14.95,2.75
01/01/2020 01:47:00,01/01/2020 01:56:05,0,1.2,No,162,234,7.5,2.26
07/01/2020 01:08:00,07/01/2020 01:37:08,,14.38,Yes,193,63,56.5,0
01/01/2020 01:19:15,01/01/2020 01:33:13,0,2.1,No,48,170,11,2.95
01/01/2020 01:41:14,01/01/2020 01:56:55,0,3.4,No,107,263,13.5,0
01/01/2020 01:09:07,01/01/2020 01:26:32,0,2.8,No,161,144,13.5,2.6
01/01/2020 01:27:10,01/01/2020 01:34:49,0,1.3,No,144,4,7.5,0
01/01/2020 01:36:16,01/01/2020 01:53:28,0,2.5,No,79,233,13,3.36
01/01/2020 01:57:59,01/01/2020 02:06:22,0,1.9,No,233,79,8,0
01/01/2020 01:08:21,01/01/2020 01:08:25,1,0,No,151,151,140,28.16
01/01/2020 01:57:47,01/01/2020 02:12:55,1,0,No,29,222,26.2,0
01/01/2020 01:07:00,01/01/2020 01:07:00,1,0,No,264,264,2.5,0
01/01/2020 01:58:07,01/01/2020 02:01:48,2,0.71,No,79,137,-4.5,0
01/01/2020 01:38:39,01/01/2020 01:40:40,1,0,No,143,143,20,0
01/01/2020 01:41:42,01/01/2020 01:41:46,1,0,No,143,143,16,3.36
01/01/2020 01:08:15,01/01/2020 01:15:04,2,1.34,No,186,158,-6.5,0
01/01/2020 01:08:11,01/01/2020 01:09:04,1,0,No,229,229,-2.5,0
01/01/2020 01:02:39,01/01/2020 01:14:27,0,2.1,No,239,236,10.5,0
01/01/2020 01:16:45,01/01/2020 01:18:09,0,0.3,No,236,236,3.5,1.45
01/01/2020 01:20:23,01/01/2020 01:49:07,0,5.6,No,236,68,22,3.87
01/01/2020 01:50:34,01/01/2020 02:01:31,0,1.4,No,68,211,9,2.55
01/01/2020 01:47:00,01/01/2020 01:51:25,0,0.9,No,234,164,5.5,2.3
01/01/2020 01:53:00,01/02/2020 00:00:00,1,0,No,158,158,50,2.66
01/01/2020 01:03:40,01/01/2020 01:04:24,1,0,No,249,249,200,42.15
07/01/2020 01:07:27,07/01/2020 01:34:33,,9.76,Yes,225,138,48.4,0
01/01/2020 01:18:31,01/01/2020 01:46:55,1,0,No,41,259,28.2,0
01/01/2020 01:17:27,01/01/2020 01:27:36,2,1.65,No,107,100,-9,0
01/01/2020 01:58:44,01/01/2020 02:02:23,1,0.7,No,170,107,-4.5,0
01/01/2020 01:58:44,01/01/2020 01:59:50,1,0.02,No,261,261,-2.5,0
01/01/2020 01:27:26,01/01/2020 02:04:37,1,0,No,234,7,26.2,0
01/01/2020 01:29:34,01/01/2020 01:30:01,1,0,No,42,42,60,0
07/01/2020 01:46:00,07/01/2020 02:08:00,,15.15,Yes,88,18,61.9,0
01/01/2020 01:19:46,01/01/2020 01:38:13,0,5.1,No,74,48,17.5,4.25
01/01/2020 01:40:00,01/01/2020 01:58:47,0,2.6,No,48,107,13.5,2
01/01/2020 01:29:35,01/01/2020 01:29:43,1,0,No,166,166,52,0
01/01/2020 01:41:41,01/01/2020 02:02:51,0,3.2,No,79,256,17,2
01/01/2020 01:05:05,01/01/2020 01:11:14,1,0.94,No,246,100,-6,0
01/01/2020 01:10:17,01/01/2020 01:10:25,1,0,No,161,161,150,30.66
01/01/2020 01:53:27,01/01/2020 01:53:34,1,0,No,186,186,40,0
01/01/2020 01:15:14,01/01/2020 01:15:14,1,0,Yes,90,264,0,0
07/01/2020 01:22:00,07/01/2020 01:38:00,,10.62,Yes,223,232,36.16,0
01/01/2020 01:23:33,01/01/2020 01:44:31,0,1,No,164,48,13,1
01/01/2020 01:46:16,01/01/2020 02:02:37,0,1.6,No,100,229,11,2.95
01/01/2020 01:01:32,01/01/2020 01:10:49,0,1,No,237,161,7.5,0
01/01/2020 01:12:32,01/01/2020 01:28:43,0,2.3,No,161,113,12,0
01/01/2020 01:30:14,01/01/2020 01:58:42,0,5.4,No,234,151,22,5.15
01/01/2020 01:08:19,01/01/2020 01:27:37,1,0,No,215,98,24.2,0
01/01/2020 01:50:20,01/01/2020 02:42:26,1,0,No,215,238,38.2,0
07/01/2020 01:18:00,07/01/2020 01:44:00,,19.31,Yes,231,51,75.2,0
01/01/2020 01:47:39,01/01/2020 01:47:47,1,0,No,113,113,15,0
01/01/2020 01:01:28,01/01/2020 01:03:59,0,0.6,No,237,229,4,2.3
01/01/2020 01:07:16,01/01/2020 01:12:46,0,0.7,No,229,141,5.5,5
01/01/2020 01:52:55,01/01/2020 02:03:10,0,2.1,No,79,233,9.5,2.65
01/01/2020 01:07:04,01/01/2020 01:11:06,1,0,No,263,141,5,1.75
01/01/2020 01:13:56,01/01/2020 01:19:55,2,0,No,141,229,5.5,2.3
01/01/2020 01:26:29,01/01/2020 01:47:28,2,0,No,162,209,19.5,5.8
01/01/2020 01:50:27,01/01/2020 02:17:44,2,0,No,209,80,21,3
01/01/2020 01:00:07,01/01/2020 01:21:36,1,3.32,No,164,231,-15.5,0
01/01/2020 01:54:58,01/01/2020 01:55:05,1,0,No,79,264,21.3,80
01/01/2020 01:25:08,01/01/2020 01:25:29,1,0,No,160,160,85,0
01/01/2020 01:34:29,01/01/2020 02:03:27,1,0,No,244,4,32.2,0
01/01/2020 01:44:21,01/01/2020 01:45:49,5,0,No,246,246,3,0
01/01/2020 01:48:59,01/01/2020 01:56:01,0,1.7,No,234,211,8,2.35
01/01/2020 01:56:51,01/01/2020 02:09:58,0,5.3,No,152,220,17,0
01/01/2020 01:59:44,01/01/2020 01:59:51,4,0,No,75,75,18,2
01/01/2020 01:03:39,01/01/2020 01:16:32,0,1,No,246,234,9,0
01/01/2020 01:19:37,01/01/2020 01:35:44,0,2.2,No,90,148,12,2
01/01/2020 01:37:12,01/01/2020 02:07:04,0,3.5,No,148,233,22,5.15
01/01/2020 01:14:31,01/01/2020 01:43:15,1,0,No,191,75,38.2,0
01/01/2020 01:51:44,01/01/2020 01:56:58,1,0,No,246,246,5,0
01/01/2020 01:39:11,01/01/2020 01:39:15,1,0,No,148,148,50,0
01/01/2020 01:04:58,01/01/2020 01:05:15,3,0,No,246,246,2.5,0
07/01/2020 01:59:00,07/01/2020 02:18:00,,15.63,Yes,51,50,64.6,0
01/01/2020 01:01:49,01/01/2020 01:09:51,0,1.3,No,163,170,7,0
01/01/2020 01:16:28,01/01/2020 01:23:28,0,0.9,No,164,107,6.5,2.05
01/01/2020 01:27:56,01/01/2020 01:51:16,0,2.8,No,79,230,16.5,0
01/01/2020 01:54:25,01/01/2020 02:06:56,0,2.2,No,163,237,10.5,2.57
01/01/2020 01:55:37,01/01/2020 02:18:20,0,4.8,No,181,37,18,4.8
01/01/2020 01:24:53,01/01/2020 01:33:03,0,1.5,No,239,143,7.5,8
01/01/2020 01:39:54,01/01/2020 01:44:39,0,0.6,No,50,48,5,0
07/01/2020 01:15:23,07/01/2020 01:54:22,,10.23,Yes,24,225,56.5,0
01/01/2020 01:52:39,01/01/2020 02:25:19,0,11.3,No,50,212,36,0
01/01/2020 01:06:47,01/01/2020 01:15:22,0,1.3,No,237,162,7.5,0
01/01/2020 01:28:16,01/01/2020 01:53:00,0,3.4,No,229,249,17,1
01/01/2020 01:54:46,01/01/2020 02:22:23,0,4.9,No,249,262,20,0
01/01/2020 01:51:57,01/01/2020 01:52:55,1,0,No,79,79,2.5,0
01/01/2020 01:05:25,01/01/2020 01:06:22,1,0,No,191,191,34.2,0
01/01/2020 01:26:05,01/01/2020 01:31:33,1,0.97,No,68,234,-6,0
01/01/2020 01:34:48,01/01/2020 01:38:52,0,0.8,No,211,249,5,2.2
07/01/2020 01:06:00,07/01/2020 01:29:00,,11.79,Yes,68,135,47.68,0
01/01/2020 01:00:32,01/01/2020 01:26:59,0,7.4,No,48,42,26,5.95
01/01/2020 01:29:38,01/01/2020 01:40:27,0,1.8,No,42,119,9.5,0
01/01/2020 01:41:30,01/01/2020 02:05:46,1,0,No,137,159,24.2,0
01/01/2020 01:16:38,01/01/2020 01:17:00,1,0,No,265,265,45,0
01/01/2020 01:04:47,01/01/2020 01:04:54,3,0,No,112,264,30,0
07/01/2020 01:46:00,07/01/2020 02:14:00,,17.35,Yes,63,50,61.18,0
01/01/2020 01:21:01,01/01/2020 01:28:04,0,1.3,No,236,239,7,1.62
01/01/2020 00:52:34,01/01/2020 01:31:57,4,0,No,246,264,30,0
01/01/2020 01:34:22,01/02/2020 00:34:56,1,0.77,No,263,141,-5,0
01/01/2020 01:18:41,01/01/2020 01:35:18,0,7.4,No,158,233,22.5,7.85
01/01/2020 01:37:53,01/01/2020 01:44:46,0,0.5,No,170,170,6,2.45
01/01/2020 01:47:06,01/01/2020 02:00:12,0,2,No,164,50,10.5,1
01/01/2020 01:08:06,01/01/2020 01:12:53,0,1,No,41,152,5.5,0
01/01/2020 01:17:38,01/01/2020 01:22:19,0,1,No,166,24,5.5,0
01/01/2020 01:39:26,01/01/2020 01:41:54,0,1,No,140,262,4.5,1.65
01/01/2020 01:54:38,01/01/2020 02:01:27,0,1,No,237,141,6,0
01/01/2020 01:48:28,01/01/2020 02:16:09,0,17.6,No,162,132,80,3.33
01/01/2020 01:05:34,01/01/2020 01:05:58,1,0,No,61,61,-2.5,0
01/01/2020 01:02:45,01/01/2020 01:12:55,1,0.51,No,48,48,-7.5,0
01/01/2020 01:46:54,01/01/2020 01:47:45,4,0,No,20,20,70,0
01/01/2020 01:34:53,01/01/2020 01:35:50,1,0,No,263,263,2.5,0
01/01/2020 01:28:19,01/01/2020 01:40:49,0,1.8,No,209,114,10,2.75
01/01/2020 01:42:08,01/01/2020 01:53:39,0,1.8,No,264,264,9.5,1.08
01/01/2020 01:55:32,01/01/2020 02:10:00,0,1.7,No,264,264,11,2
01/01/2020 01:01:11,01/01/2020 01:01:13,1,0,No,264,264,12,2.46
01/01/2020 01:47:05,01/01/2020 01:47:09,2,0,No,264,264,59,14.82
01/01/2020 01:12:31,01/01/2020 01:19:05,1,0,No,239,239,0,0
01/01/2020 01:11:25,01/01/2020 01:12:02,1,0.02,No,164,164,-2.5,0
01/01/2020 01:01:22,01/01/2020 01:20:43,0,0.8,No,234,48,12,1.58
01/01/2020 01:56:33,01/01/2020 02:16:14,0,4.7,No,236,7,17.5,4.25
01/01/2020 22:40:33,01/02/2020 01:28:06,1,0,No,132,153,30,6.1
01/01/2020 01:08:40,01/01/2020 01:08:58,4,0,No,48,48,65.92,12
01/01/2020 01:12:31,01/01/2020 01:14:00,0,0,No,48,48,3,0
01/01/2020 01:33:25,01/01/2020 01:35:28,1,0.17,No,79,79,-3.5,0
01/01/2020 01:33:07,01/01/2020 01:34:11,1,0,No,4,4,-3,0
07/01/2020 01:04:00,07/01/2020 01:20:00,,5.69,Yes,140,157,35.2,0
07/01/2020 01:44:00,07/01/2020 01:57:00,,1.3,Yes,225,61,14.95,2.75
01/01/2020 01:17:11,01/01/2020 01:19:49,0,0.6,No,65,52,4,0
01/01/2020 01:08:10,01/01/2020 01:08:27,1,0,No,265,265,90,18.16
01/01/2020 01:22:25,01/01/2020 01:24:20,2,0,No,33,33,3,0
01/01/2020 01:21:28,01/01/2020 01:22:43,5,0,No,161,161,3,0
07/01/2020 01:38:19,07/01/2020 02:00:19,,6.54,Yes,50,189,35.2,0
01/01/2020 01:10:32,01/01/2020 01:10:35,2,0,No,262,264,65,13.06
01/01/2020 01:39:45,01/01/2020 01:39:51,2,0,No,229,233,52,0
01/01/2020 01:30:04,01/01/2020 01:30:17,2,0,No,87,87,52,0
07/01/2020 01:31:26,07/01/2020 01:58:32,,12.12,Yes,112,169,50.38,0
01/01/2020 01:54:27,01/01/2020 01:55:05,1,0,No,40,40,2.5,0.68
07/01/2020 01:42:00,07/01/2020 01:43:00,,0.09,Yes,71,71,51.1,0
01/01/2020 01:53:31,01/01/2020 01:53:50,2,0,No,74,74,2.5,0
01/01/2020 02:32:59,01/01/2020 02:33:18,1,0,No,145,145,2.5,0
01/01/2020 02:33:30,01/01/2020 02:35:32,1,0,No,145,145,3.5,0
01/01/2020 02:27:36,01/01/2020 02:27:43,1,0,No,193,193,2.5,0.76
01/01/2020 02:16:09,01/01/2020 02:16:14,1,0,No,231,231,2.5,30
01/01/2020 02:51:34,01/01/2020 03:31:49,0,8.6,No,48,80,32,0
01/01/2020 02:40:38,01/01/2020 02:40:38,1,0,Yes,164,264,2.5,0
01/01/2020 02:47:07,01/01/2020 02:47:07,2,0,Yes,263,264,4,0
01/01/2020 02:07:05,01/01/2020 02:28:43,0,3.3,No,142,107,16,3.95
01/01/2020 02:30:09,01/01/2020 02:41:50,0,1.9,No,107,4,9.5,1
01/01/2020 02:44:23,01/01/2020 02:59:43,0,2.6,No,79,170,12,3.15
01/01/2020 02:11:13,01/01/2020 02:11:18,1,0,No,265,264,89,7
01/01/2020 02:14:34,01/01/2020 02:14:58,2,0.06,No,161,161,-2.5,0
01/01/2020 02:16:26,01/01/2020 02:22:04,1,0.71,No,161,100,-23,0
01/01/2020 02:14:07,01/01/2020 02:26:55,0,1.9,No,79,231,10,2.85
01/01/2020 02:33:03,01/01/2020 02:39:38,0,1.4,No,125,234,7,1
01/01/2020 02:41:04,01/01/2020 02:51:29,0,2,No,234,170,9.5,2.75
01/01/2020 02:55:36,01/01/2020 03:01:09,0,1.2,No,170,107,6,0
07/01/2020 01:38:00,07/01/2020 02:05:00,,18.98,Yes,254,226,61.18,0
01/01/2020 02:44:30,01/01/2020 03:05:26,0,4,No,144,163,16.5,4.05
01/01/2020 02:41:17,01/01/2020 07:48:26,1,0,No,144,82,2.5,0
01/01/2020 02:42:50,01/01/2020 02:42:50,1,0,No,246,264,5.5,0
01/01/2020 02:51:04,01/01/2020 02:56:16,0,0.8,No,113,79,5,1.75
01/01/2020 02:27:32,01/01/2020 02:27:34,1,0,No,264,264,19.8,5.02
01/01/2020 02:25:32,01/01/2020 02:33:13,0,0.8,No,163,48,6.5,0
01/01/2020 02:42:40,01/01/2020 02:58:06,0,1.5,No,48,170,10.5,0
07/01/2020 01:13:32,07/01/2020 01:36:25,,13.82,Yes,229,81,59.2,0
01/01/2020 02:41:16,01/01/2020 02:42:15,2,0,No,265,265,60,0
07/01/2020 01:37:31,07/01/2020 01:55:27,,11.43,Yes,258,207,51.1,0
01/01/2020 02:59:50,01/01/2020 03:00:22,5,0.05,No,107,107,-2.5,0
01/01/2020 02:17:57,01/01/2020 02:26:39,0,1.4,No,48,237,8,1
01/01/2020 02:33:54,01/01/2020 02:39:41,0,1.5,No,263,74,7,2
01/01/2020 02:15:58,01/01/2020 02:29:11,0,3.9,No,262,234,14.5,4.55
01/01/2020 02:30:13,01/01/2020 02:38:19,0,1.3,No,234,48,7.5,0
01/01/2020 02:44:05,01/01/2020 02:49:54,0,0.9,No,68,90,6,1.95
01/01/2020 02:51:25,01/01/2020 02:58:26,0,1,No,90,246,6.5,2.05
01/01/2020 02:59:58,01/01/2020 03:06:07,0,1.6,Yes,246,50,7,1
07/01/2020 01:55:29,07/01/2020 02:13:51,,8.52,Yes,37,179,42.2,0
01/01/2020 02:03:47,01/01/2020 02:14:49,0,1.7,No,158,234,9,1
01/01/2020 02:25:45,01/01/2020 02:50:34,0,3.6,No,230,231,17,0
01/01/2020 02:53:07,01/01/2020 03:01:33,0,1.5,No,231,158,7.5,0
01/01/2020 02:49:53,01/01/2020 02:49:56,3,0,No,264,264,115,23.16
01/01/2020 02:00:46,01/01/2020 02:00:50,2,0,No,164,164,52,0
07/01/2020 01:25:00,07/01/2020 01:50:00,,19.34,Yes,137,38,58.48,0
07/01/2020 01:42:00,07/01/2020 01:58:00,,9.68,Yes,213,162,39.58,0
01/01/2020 02:23:05,01/01/2020 02:23:16,1,0,No,169,169,280,0
01/01/2020 02:56:37,01/01/2020 03:04:39,0,1.5,No,163,239,7.5,0
01/01/2020 02:55:31,01/01/2020 02:55:39,1,0,No,246,264,2.5,19
01/01/2020 02:37:55,01/01/2020 02:37:58,2,0,No,75,264,30,0
07/01/2020 01:04:00,07/01/2020 01:37:00,,18.63,Yes,90,76,53.08,0
01/01/2020 02:14:31,01/01/2020 02:14:35,1,0,No,74,74,8,1.76
01/01/2020 02:59:36,01/01/2020 02:59:49,1,0,No,107,107,2.5,0
01/01/2020 02:59:57,01/01/2020 03:05:48,1,0,No,107,107,5,0
